MRN,EHRseq
pat_5,164,145,35,140,82,64,190,141,174,110,84,62,153,30,67,51,99,194,195,178,60,70,79,173,167,27,32,39,13,88,8,4,127,152,137,48,185,57,198,28,29,75,101,77,112,193,23,49,73,115,81,200,170,65,199,179,104,120,160,40,168,108,46,71,87,130,52,44,163,197,61,169,188,157,176,22
pat_14,105,95,47,59,6,87,155,119,152,144,60,9,198,68,200,199,133,57,72,20,102,35,21,77,189,176,64,90,167,107,22,78,125,179,13,193,134,7,192,120,142,54,171,8,146,127,85,100,128,30,81,191
pat_37,33,197,63,194,116,192,82,9,29,54,40,48,20,199,70,95,113,142,120,15,28,30,148,13,122,96,141,66,102,167,91,163,26,196,184,46,18,5,109,52,106,69,139,73,180,159,58,114
pat_40,83,8,143,154,125,40,84,108,192,119,128,174,193,92,24,28,159,122,101,94,197,98,35,135,44,62,25,146,67
pat_6,151,114,134,164,88,196,138,51,169,38,22,67,101,120,61,24,84,85,105,159,117,147,154,178,122,111,119,182,42,168,73,184,190,103,195,70,145,68,167,183,200
pat_75,154,170,44,174,18,159,134,186,171,165,29,58,60,27,143,80,152,162,82,36,140,127,195,2,85,158,73,71,22,86,19,92,57,39,113,139,178,68,163,4,64,7,11,177,145,8,88,109,84,1,110,176,94,52,50,24,114
pat_20,46,157,106,86,149,124,35,174,118,123,5,190,67,12,163,112,94
pat_33,49,130,86,108,145,173,194,39,176,78,172,171,37,79,77,185,100,117,14,10,22,113,15,141,61,175,104,170,5
pat_93,16,199,106,113,137,66,117,91,133,51,181,88,52,45,60,160,136,157,96,23,161,76,58,155,3,141,184,145,9,186
pat_18,113,161,36,117,149,145,72,169,178,35,147,134,196,121,14,157,140,34,164,132,4,151,47,94,109,137,93,172,155,16,57,95,69,139,65,97,167,33,22,27,70,179,18,31,102,90,5,60,64,82,8,29,99,54,2,141,199,182,163,162,135,111,10,168,43,115,77,177,62,19,11,51,53,61,68,84,175,52,110,119,200,100,81,63,73,88
pat_86,69,39,193,54,149,184,171,15,108,78,103,169,16,74,175,139,46,24,55,167,179,91,49,58,47,9,135,176
pat_41,177,36,72,98,164,2,135,57,110,99,174,80,145,17,78,194,10,19,152,88,86,93,68,119,124,158,104,40
pat_88,166,195,27,19,136,26,150,23,169,109,65,89,34,139,161,131,138,140,90,172,189,143,123,44,151,1,155,25,46,188,162,125,184,191,147,9,175,198,110,134,111,5,152,99,11,36,127,84,29,97,105,18,160,183,153,116,53,93,83,200,173,95,79
pat_27,74,136,78,19,162,94,29,65,8,153,10,159,31,86,34,39,146,13,168,188,134,158,164,26,77,175,98,16,173,139,196,53,138,56,84,171,50,193,182,131,66,41,103,176,184,105,186,12,100,156,124,71,160,69,36,3,200,119,174,167,192,112,91,157,149,5,83,42
pat_79,27,80,89,117,191,67,56,160,39,6,78,179,144,15,72,171,97,194,114,187,41,115,145,168,119,99,91,79,166,178,21,106,77,20,30,121,68,161,42,25,82
pat_2,92,183,116,186,19,25,139,14,6,153,22,5,57,39,151,193,48,20,34,31,167,106,44,178,103,75,93,68,113,33,45,184,84,165,78,77,38,54,121,200,144,64,79,126,97,16
pat_44,71,26,78,7,146,118,44,159,85,149,37,117,134
pat_21,84,75,172,13,88,56,153,107,50,51,155,22,144,182,150,23,96,98
pat_3,188,3,157,68,7,90,47,109,133,143,106,56
pat_8,21,27,26,32,56,83,136,71,69,168,15,184,125,49,54,176,159,134,190,39,175,34,65,113,163,122,121,95,60,18,62,111,33,1,84,7,103,138,85,141,177,116,118,133,166,47,92,87,16,29,180,198,161,131,120,93,52,35,3,160,104,24,106,99,31,158,183,117,139
pat_73,32,16,139,197,59,80,21,175,48,107,184,53,91,149,124,160,200,155,118,108,66,56,135,54,152,11,27,172,61,8,99,117,194,46,44,106,137,169,113,3,193,125,115,40,88,188,78,134,6,182,20,161,70,35,130,14,128,167,192,199,98,100,24,170,17,110,33,60,154,1,198,120,138,36,69,84,180,15,31,144,77,26,22,2,92,79,171,37,65,168,18,165,174,166,50,94,38
pat_32,149,133,134,29,118,170,34,188,60,174,107,153,41,100,46,89,82,195,160,109,76,140,23,17,190,91,172,51,165,199,1,98,159,184,171,127,194,122,86,87,70,163,124,119,116,128,37,14,97,99,81,169,146,185,18,84,200,16,178,191,111,166,132,62,156,54,120,164,198,151,31,5,10,28,167,187,61,36,27,63,12,83,123,3,7,25,108,173,150,33,15,143,78,80,121,182,48
pat_9,34,184,89,146,111,137,29,68,117,166,101,24,153,84,47,27,7,87,73,55,85,151,53,171,199,181,77,17,13,102,65,174,178,116,70,156,86,165,107,90,139,157,110,78,115,150,57,148,192,1,187,49,104,108,71,50,185,121,5,132,44,109,41,124,143,125,161,112,61,193,76,197,190,74,155,99,177,64,138,196,135,127,168,6,4,40,83,67,129,131,35,91,144,95,22,19
pat_12,133,60,61,182,72
pat_0,196,171,172,88,184,31,157,177,178,70,113,11,84,115,164,48,32,123,167,72,101,188,114,149,92,15,74,19,46,77,166,147,191,174,71,135,175,79
pat_23,165,143,196,180,121,35,161,52,90,100,162,59,27,154,80,60,87,150,77,70,188,19,164,125,38,166,91,183,179,120,193,176,138,123,65,53,39,26,24,23,192,43,133,160,151,156,11,142,136,173,37,96,168,82,106,9,171,182,110,103,141,170,22,104,185,64,51,10,73,12,21,34,148,36,135,49,140,68,172,155,75,6,7,97,56,76
pat_7,7,23,27,43,52,191,86,103,119,185,99,36,4,98,33,10,130,32,175,9,152,142,31,127,51,76,42,101,30,187,195,155,92,159,68,141,67,83,46,111,65,186,93,70,34,190,169,148,136,66,182,5,160,87,85,198,143,91,174,128,19,53,2,153,161,171,80,49,179,17,50,107,131,173,139,89
pat_63,104,67,151,121,48,29,81,84,102,24,105,111,162,78,188,180,135
pat_26,8,148,141,68,4,100,58,24,156,182,112,81,54,140,119,106,101,31,178,177,195,91,172,186,164,62,18,50,185,94,102,117,125,13,14,7,74,85,59,70,154,90,29,99,28,130,86,152,161,63,175,56,35,122,176,147,38,173,138,157,12,115,87,1,132,137,15,67,162,124,32,191,69,52,108,21,96,48,40,88,113,150,197,66,121,128,126,16,45,170,110,111,127,153,20,187,61,79,190
pat_87,48,160,75,146,134,7
pat_84,11,97,174,79,176,87,84,136,118,158,89,184,185,125,71,156,2,45,29,57,5,179,132,107,98,33,135,122,196,1,142,37,164,131
pat_48,156,72,161,121,94,84,18,153,53,22,17,48,117,145,138,167,33,95,41,155,185,122,109,160,2,46,89,64,146,101,47,74,157,107,126,198,42,177,116,164,50,168,27,195,58,150,193,85,77,148,196,30,99,14,88,57,142,56,49,75,65,100,171,128,5,123,9,16,178,96,105,172,59,141,4
pat_89,21,82,129,198,7,163,177,51,165
pat_49,38,195,199,166,139,31,107,160,186,183,157,40,116,109,12,87,90,33,106,18,178,152,34,59,153,113,91,198,132,151,16,14,4,58,176,128,41,184,130,46,45,89,44,148,23,35,93,29
pat_13,2,51,45,90,179,25,175,43,134,93,149
pat_10,150,188,159,198,73,147,111,177,14
pat_4,145,79,74,87,84,102,126,147,168,171,181,77,146,34,64,177,155,18,71,167,90,25,197,40,185,132,31,97,125,100,38,49,8,111,88,51,80,143,3,68,157,128,73,37,119,44,83,24,53,62,164,23,9,148,86,48,156,85,101,141,42,21,190,176,30,5,96,183,41,136,172,187,47,13,130,12
pat_17,134,129,162,21,169,139,148,76,18,64,4,50,28,69,119,170,23,155,186,90,187,96,2
pat_95,126,125,92,87,74,164,132,78,118,29,23,141,69,54,41,119,5,181,46,40,175,154,81,67,68,4,21,150,64,33,174,36,11,104,188,80,138,123,124,79,99,155,98,51,18,151,30,13,182,73,121,32,166,75,198,176,130,165,111,7
pat_92,143,157,109,107,3,65,197,149,173,185,142,15,137,72,90,39,188,77,181,124,108,121,155,53,159,60,193,36,93,35,94,113,48,52,123,162,168,18,122,5,81,28,2,196,152,130,111,179,46,43,63,8,89,190,50,10,167,120
pat_59,101,83,16,117,5,85,152,8,30,111,119,23,114,172,108,65,192,141,28,188,35,26,48,179,76,126,96,88,174,148,67,70,146,198,134,36,33,194,136,43,166,127,49,74,72,177,103,95,138,144,167,38,105,57,29,147,1,129,54,169,137,12,47,131,31,93,92,52,55,7,197,196,159,11
pat_69,1,109,197,194,149,172,78,144,170,38,46,75,185,92,81,156,66,32,188,174,51,94,103,183,132,53,58,31,184,186,108,178,142,134,131,4,95,82,41,181,137
pat_61,166,79,13,135,156,98,190,186,39,72,29,7,84,63,26,54,112,152,31,18,8,189,197,16,35,73,11,20,107,101,74,22,55,76,65,92,19,136,44,106
pat_39,123,68,50,81,102,93,166,184,83,62,196,28,89,54,148,131,45,115,43,47,46,188,189,57,106,75,183,88,98,180,154,77,13,110,117,167,76,103,60,71,55,173,101,63,159,157,95,136,113,122,160,175,158,153,5,108,64,145,195,41,12,176,3,85,78,105,149,114,125,79,112,120
pat_94,132,128,151,124,75,194,166,108,12,68,169,4,190,125,161,32,11,62,61,91,44,93,103,49,145,42,176,177,164,45,8,117,60,43,160,96,199,55,162,129,27,121,134,195,184,10,70,107,30,2,50,48,155,170,163,133,105,38,106,84,92,22,18,83,79,141,118,97,56,183,13,100,193,181,165
pat_47,174,187,26,65,104,25,45,1,68,123,168,118,33,103,132,121,94,190,141,72,55,195,88,82,30,97,164,22,114,163,34,53,105,161,162,63,66,69,133,185,29,130,183,108,124,106,155,58,49,42,10,157,89,46,181,119,85,143,76,90,43,150,184,16,179,129,59,169,80,15,145,128,160,73,40,165,151,191,158
pat_52,135,145,185,51,143,150,97,3,132,187,124,139,6,17,72,42,166,31,99,7,101,108,62,63,146,40,28,14,16,93,196,176,195,102,168,200,66,86,147,94,116,192,191,37,178,125,183,73,104
pat_91,66,139,51,103,22,70,78,121,42,71,151,39,35,180,172,85,40,179,48,5,92,192,72,38,6,145,163,34,20,183,174,152,98,45,96,186,4,1,52,189,141,108,44,159,158,83,23,77,79,156,75,129,128,111,90,106,148,97,175,138,173,13,122,114,153,50,102,130,188,125,8,127,46,100,28,194,101,193,119,171,166,176,27,12
pat_82,117,14,149,88,173,142,191,181,28,157,167,111,18,128,44,165,156
pat_24,7,62,8,119,88,19,134,172,56,61,175,195,89,164,28,130,178,85,81,16,27,63,97,79,72,24,156,68,138,31,48,174,57,192,91,125,142,30,25,99,69,118,90,198,49,98,96,189,64,197,103,94,58,44,113,120,200,102,78,173,43,39,177,23,183,18,132,116,3,108,136,129,117,82,55,151,95,148,4,70,75,145,188,10,86,32,143,127,158,59,13,67,155,171,165,17,194
pat_22,10,151,30,152,168,17,111,72,132,200,160,20,25,123,156,28,161,145,9,89,60,194,164,171,40,23,41,136,77,12,38,96,52,39,117,104,116,197,102,113,94,37,173,189,54,112,106,147,182,146,114,133,105,140,79,187,184,124,196,58,53,66,86,198,176,178,4,36,62,2
pat_72,118,127,57,70,124,174,147,94,54,64,191,45,167,153,37,43,117,142,138,102,34,82,14,73,166,196,84,115,55,162,31,68,67,17,165,120,107,113,32,91,98,195,15,112,108,197,28,44,185,198,171,183,187,9,104,145,178,78,59,65,27,72,121
pat_34,102,119,146,91,144,126,195,24,10,158,140,121,108,100,131,128,96,160,70,83,154,72,75,34,6,12,3,145,161,94,90,187,29,28,61,22,51,104,117,191,99,138,54,197,65,152,25,79,40,174,81,184,89,198,192,20,170,149,178,183,196,19,141,193,42,5,36,31,169,199,114,82,106,162,163,55,45,39,112,23,164,137,76,130,136,109,165,48,46,33,60,56,59
pat_67,199,158,127,35,96,7,43,105,163,17,11,150,16,60,39,33,74,97,85,88
pat_45,110,94,20,13,37,7,64,73,122,96,100,162,108,152,157,170,27,117,188,102,34,58,119,193,2,121,60,106,67,151,83,30,91,69,128,185,142,189,36,127,23,19,45,82,42,56,138,112,115,194,133,24,52,85,129,123,40,145,25,21,139,47,12,199,140,134,38,196,77,5,165,49,195,86,177,130,181,198,48,184,16,154,59,101,53,147,87,105,55,116,92,26,150,160,66,3,62,71
pat_50,8,186,74,70,127,13,153,62,128,84,17,100,60,137,122,170,132,155,192,75,48,107,82,189,18,23,138,150,21,195,160,28,42,130,52,151,39,11,178,120,164,188,139,41,54,56,81,26,58,101,163,19,14,159,83,38,34,36,165,193,131,9,172,91,119,126,99,24,196,51,25,133,135,32,27
pat_65,2,184,9,175,53,23,159,90,134,154,25,187,188,114,176,69,103,87,198,58,121,164,195,109,112
pat_97,124,170,56,123,19,103,65,46,192,165,58,132,177,189,63,139,2,57,178,54,141,32,24,199,55,186,41,148,166,181,53,135,16,107,108,33,22,105,156,71,92,184,18,97,188,3,14,161,68,163,162,80,77,114,17,49,64
pat_70,107,96,74,152,18,153,186,63,162,156,128,35,44,37,136,47,7,146,187,28,73,53,83,56,178,70,132,29,118,94,112,2,32,109,144,67,72,191,117,97,20,54,175,173,80,91,168,60,177,149,62,150,158,103,92,82,181,116,180,199,78,195,166,194,161,154,88,36,163,105
pat_36,77,22,124,102,96,142,161,105,45,135,159,87,85,62,55,18,151,31,188,34,84,38,65,90,91,111,169,113,69,110,67,176,37,58,189,49,136,164,56,25,47,20,61,158,27,141,121,185,129,143,46,190,115,174,133,63,144,120,181,97,195,172,79,5,88,100,3,178,163,76,40,200,131,125,127,119,154,29,196,106,2,71,82,175,73,101,93,109,117,33,132,186,168,15
pat_1,93,135,147,130,15,23,188,95,127,83,82,4,63,117,11,148,17,53,159,84,174,16,57,171,157,34,44,48,2,31,167,200,158,161,128,8,133,183,32,182,198,122,192,86,90,59,42,193,121,43,149,50,196,14,19,51,129,181,68,120,52,131,105,134,60,9,5,110,108,64,175,189,176,3,113,39,73,191,58,101,27,136,72,69,45,140,56,89,40,142,79,87,107,125,41,81,197,21
pat_99,94,153,181,134,129,10,130,1,177,47,170,9,52,142,143,4,21,53,188,63,122,64,110,161,85,149,165,56,58,173,150,127,81,44,200,145,27,77,123,124,55,186,164,67,20,151,118,88,135,171,84,45,65,62,191,176,59,90,14,113,158,43,46,168,105,99,195,19,192,41,74,182,73
pat_62,155,119,112,62,88,171,120,32,9,55,52,175,15,67,95,197,7,30,182,161,83,18,162,16,169,71,57,140,25,5,172,198,180,102,139,98,43,167,68,22,92,12,150,10,100,176,99,138,163,130,110,178,199,134,59,6
pat_56,191,186,53,49,30,153,154,38,66,103,54,6,76,104,13,108,190,63,47,20,118,123,11,62,172,73,198,194,176,37,152,111,163,95,97,147,146,134,182,117,193,175,82,44,188,98,133,7,42,127,18,84,9,197,58,34,64,16,75,78,72,113,196,144,21,128,109,51,33,141,45,48,71
pat_76,18,84,11,28,90,149,65,147,36,14,128,103,165,75,69,88,101,60,162,29,192,130,54,64,72,15,114,89,136,161,172,166,102,167,119,10,58,159,1,142,57,6,31,176,182,2,53,191,86,120,55,107,22,117,94,126,43,170,27,52,68,184,30,135,160,3,124
pat_81,23,195,94,12,4,131,169,189,32,41,53,19,39,147,125,118,40,79,87,163,187,56,98,200,179,157,101,164,142,170,62,13
pat_78,98,152,107,195,148,51,61,31,127,25,187,126,39,46,167,48,78,96,181,124,170,75,9,10,28,169,149,175,33,140,27,146,72,69,155,193,60,154,103,196,165,49,77,136,44,56,194,191,128,1,150,111,17,106,173,105,122,177,19,99,47,108,192
pat_74,11,91,177,135,45,166
pat_30,157,196,194,177,51,53,88,32,179,139,65,39,20,87,141,169,164,142,130,18,91,107,176,99,25,183,43,198,163,110,94,159,83,81,86,140,78,84,63,30,156,7,71,61,17,113,73,189,136,158,93,188,5,182,34,167,122,134,9,170,114,45,89,166,112,29,168,149,50
pat_55,144,136,148,150,100,58,61,80,104,40,163,33,55,23,95,53,59,73,26,116,102,137,164,77,99,13,29,133,103,98,60,105,194,191,46,91,138,87,44,176,118,97,122,85,168,113,107,28,199,117,123,170,186,190,82,171,17,43,108,6,25,65,9,90,64,18,41,174,177,184,79,166,47,56,155,196,20,109,89,139,172,78,179,146,42,32,39,158,200,189,178,10,48,145,34,96
pat_68,14,29,134,125,161,151,30,90,20,111,53,88,169,187,87,117,13,141,167,145,107,28,75,100,147,38,104,120,98,34,143,71,180,146
pat_29,18,149,113,3,142,125,153,62,169,59,83,112,192,96,33,53,50,78,165,57,39,156,133,136,119,130,106,75,126,74,40,13,98,121,145,105,190,177,94,82,101,123,46,141,168,19,25,134,23,37,188,65,174,171,131,79,27,36,161,7,63,72,195,170,26,167,198,128,51,124,111,52,117,107,5,91
pat_25,91,2,96,131,124,123,135,28,136,198,4,53,8,83,143,125,24,73,20,137,36
pat_35,165,151,56,179,70,101,106,114,38,150,180,50,136,100,14,65,112,146,24,155,60,197,105,141,34,159,35,196,126,166,46,103,5,90,128,54,139,109,188,29,175,47,12,186,174,134,171,163,89,93,39,11,167,147,116,88,133,61,91,120,118,33,160,43,81,124,132,8,64,177,182
pat_90,181,134,20,56,18,28
pat_60,71,32,10,42,73,132
pat_38,81,168,39,21,12,128,3,60,45,68,19,106,119,87,102,43,8,149,141,158,173,127,180,91,5,177,94,110,197,120,92,30
pat_15,160,2,135,194,144,115,49,45,148,34,168,182,62,123,197,58,177,132,6,52,181,82,125,105,101,9,26,174,185,43,153,159,22,186,95,10,54,103,90,169,32,156,139,191,113,70
pat_58,154,175,16,110,53,88,12,36,10,156,75,5,173,64,31,117,24,114,193,3,28,104,79,143,121,139,172,158,160,112,11,95,120,105,52,195,89,130,146,26,168,190,90,170,181,149,142,169,164,167,83,140,35,92,161,162,60,22
pat_46,186,81,137,124,82,174,93,62,133,100,146,3,188,89,153,166,179,61,32,196,197,157,40,84,27,171,15,184,50,167,64,150,63,175,104,4,134,92,160,194,151,56,119,121,90,169,23,65,88,30,29
pat_98,11,191,91,153,200,102,163,37,106,165,26,188,96,179,35,137,63,135,140,168,98,8,134,182,58,14,94,90,2,48,159,108,169,166,142,50,109,186,174,131,116,141,19,118,46,42,92,171,128,9,27,30,154,7,156,55,66,74,16,79,183,132,20,185,97,150,25,89,161,143,3,112
pat_19,52,96,157,128,92,138,40,154,59,120,103,85
pat_71,81,57,33,91,101,195,150,174,75,113,97,9,109,193,39,110,120,45
pat_11,117,107,102,172,77,147,71,83,59,41,187,161,125,180,52,173,132,50,162,134,179,62,33,142,199,106,150,156,96,176,119,10,184,2,108,137,72,57,160,19,105,56,103,3,168,110,98,24,112,165,151,4,76,8,120,195,126,114,153,90,21,6,175,35,85,42,152
pat_83,142,4,185,176,163,120,104,124,34,80,87,97,192,96,17,64,24,58,32,93,12,74,133,91,60,98,169,15,126,44,18,189,19,109,161,183,125,25,168
pat_64,107,162,154,144,126,102,55,111,104,194,52,70,44,46,7,158,66,108,81,94,39,42,53,96,151,65,30,131,74,105,103,134,147,116,11,15,100,164,135,178,80,24,76,43,188,27,120,177,123,89,14,193,133,58,57,117,141,49,199,50,79,165,69,140,174
pat_16,80,11,110,1,143,25,106,130,72,70,111,160,166,175,58,45,158,91,23,34,8,55,63,96,136,167,68,60,89,4,187,101,84,163,123,88,170,52,12,95,150,90,33,75,177,86
pat_42,200,159,106,74,197,138,187,199,177,191,113,25,155,158,50,105,37,153,94,68,188,29,66,176,80,55,112,33,186,160,136,97,4,130,110,166,120,41
pat_57,97,137,46,2,154,81,143,165,161,58,16,188,167,181,37,80,55,21,162,27,12
pat_31,123,106,124,93,180,27,25,86,116,138,125,77,139,70,23,172,101,103,117,147,42,36,95,154,150,143,90,9,167,99,160,191,190,152,67,49,58,126,62,137,155,196,109,134,97,24,161,153,85,127,3,59,73,129,37,151,194,89,130,47,30,6
pat_77,187,170,124,111,36,24,9,155,65,50,29,134,12,48,49,188,113,173,3,58,118,52,183,127,186,166,80,167,77,101,26,119,132,190,103,160,163,93,197,184,1,152,153,13,154,33,120,63,10,126
pat_43,48,12,32,166,43,37,63,7,78,83,150,105,81,174,102,170,176,146,22,71,16,69,94,67,8,131,191,44,184,135,108,82,137,138,116,199,195,122,91,125,21,85,31,15,142,178,123,103,40,79,34,133,5,118,86,143,55,41,129,149,198,140,168,46,157,51,45,187,160,74,164,182,88,155,57,49,107,154,52,50,136,181,120,117,177,104,23,19,194,54
pat_80,157,199,152,135,42,141,104,151,166,2,106,11,44,61,107,14,26,55,53,136,196,184,52,105,140,127,119,175,79,137,112,69,6,3,18,12,22,21,75,23,128,191,195,121
pat_28,135,41,93,31,173,141,191,182,4,110,125,159,129,126,184,60,188,50,87,76,89,153,186,111,59,69,149,104,75,95,49,199,2,102,134,54,105,34,44,81,5,144,101,122,166,162,124,97,13,155,24,187,70,171,109,53,28,194,113,25,118,6,77,117,96,100,152,98,185,94,7,181,160
pat_66,85,188,119,120,147,167,69,39,112,155,176,197,173,75,194,193,148,59,72,45,79,36,68,60,1,179,168,4,138,128,64,108,144,49,133,84,190,170,29,33,74,187,156,137,130,178,35,122,34,169,32,157,5,8,149,96
pat_85,39,81,145,188,183,15,150,146,63,68,197,113,155,1,147,3,171,199,142,118,94,83,32,134,31,194,149,109,96,163,37,45,11,29,121,101,25,157,159,92,79,4,160,151,7,9
pat_53,192,144,189,170,53,77,164,96,107,143,147,98,184,62,134,97,15,41,129,6,133,57,83,181,101,89,146,27,46,76,130,182,94,173,43,64,109,167,168,52,145,159,124,177,179,20,194,126,49,11,69,120,36,47,28,150,106,7,157,48,125,139,113,60,110,4,18,191,183,42,99,86,78,162,165,45,153,193,29,195,102,169,138,68,104,175,180,158,32,185,31,61
pat_51,89,112,32,130,76,177,38,132,97,80,137,55,166,193,148,159,64,70,156,128,155,151,52,63,144,197,135,165,85,65,168,150,4,110,125,43,36,191,178,158,16,174,200,184,79,81,59,186,42,121,83,116,78,119,114,145,12,154,44,45,106
pat_54,51,106,41,173,78,21,54,82,187,125,31,8,112,84,45,77,2,167,119,90,156,74,174,160,6,133,83,66,61,192,19,195,183,118,53,49,179,142,196,166,132,200,103,3,100,10,50,56,81,40,63,139,161,24,4,155,18,194,94,177,141,124,48,178,43,140,121,152,130,197,191,185,42,28,98,38,92,23,47,137,154,165
pat_96,15,5,53,37,128,13,138,111,12,6,170,147,122,80,30,95,188,58,22,51,63,129,9,189,143,186,145,87,83,41,8,177,34,62,125,135,158,156,20,78,124,17,36,79,60,52,113,159,154,183,105,65,187,169,175,16,163,50,97,18,179,91,194,24,199,104,11,7,181,168,172,180,45
